Template Name,Target Role Type,Recommended Usage,Subject Line,Full Cover Letter / Pitch Body,Key Customization Points
Daniyal Technologies Custom Pitch,SEO Analyst (Local & Technical),Submit directly on career.daniyaltechnologies.com/o/seo-analyst or email application,Application for SEO Analyst (Remote) — Gazi Fahim Hasan,"Dear Hiring Team at Daniyal Technologies,

I am writing to express my strong interest in the remote SEO Analyst position. With 4+ years of hands-on SEO execution, an active role as SEO Executive at Scaleup Ads Agency, and a Bachelor's in Computer Science & Engineering, I bridge the gap between Local SEO dominance and deep technical/JavaScript architecture.

Here is how my background aligns with your core requirements:

1. Local SEO & Google Business Profile (GBP) Expertise:
• Multi-Location Case Study: Optimized local presence for a multi-branch healthcare group across 60+ directories with LocalBusiness JSON-LD markup and geo-coordinates, securing #1 Google Map Pack rankings across 8 major regions and driving a +185% increase in direct calls.
• Proactive GBP maintenance: Post scheduling, review management systems, category refinement, and continuous local citation audits.

2. Technical & JavaScript SEO (Computer Science Foundation):
• Unlike non-technical marketers, my B.Sc. in Computer Science allows me to diagnose indexing, rendering, and hydration bottlenecks on modern JavaScript frameworks (React / Next.js).
• Core Web Vitals Overhaul: Raised a client platform's Google Lighthouse score from 64 to 98/100, lifting qualified conversions by +210%.
• Resolved 1,200+ crawl errors, canonical loops, and redirect chains using Screaming Frog and Google Search Console.

3. Analytics & Modern Search Strategy:
• Daily power user of Google Search Console, Google Analytics 4 (GA4), Ahrefs, and SEMrush.
• Familiar with AI Overviews (SGE), Entity SEO, and topical semantic clusters that protect rankings against algorithm shifts.

I am fully prepared to support standard EST business hours, collaborate across international time zones, and deliver measurable organic search ROI from day one.

Portfolio & Case Studies: https://gazifahimhasan.com
GitHub: https://github.com/hasangazifahim
Contact: gazifahimhasan1@gmail.com | +880 1857571304

Thank you for your time and consideration. I look forward to speaking with you!

Sincerely,
Gazi Fahim Hasan","Tailored for EST schedule, Next.js / JavaScript SEO, and Map Pack LocalBusiness schema."
Local SEO & Agency Multi-Location Pitch,Local SEO Specialist / GBP Manager,"For medical, home services, legal, or multi-location agency roles (e.g. Mediboost, HireLATAM)",Application: Local SEO & Google Business Profile Specialist — Gazi Fahim Hasan,"Dear Hiring Manager,

I am writing to apply for the Local SEO Specialist position. If your agency is looking for a data-driven specialist who can take clients to #1 in the Google 3-Pack and keep them there, my track record delivers exactly that.

Key Local SEO Accomplishments:
• Multi-Location Dominance: Took an 8-location healthcare group from fragmented visibility to #1 Google Map Pack rankings across all 8 target regions, driving a +185% increase in direct calls and appointment bookings.
• NAP & Citation Integrity: Cleaned up and standardized NAP citations across 60+ leading directories (BrightLocal, Apple Maps, Bing Places, Yelp) with zero duplicate conflicts.
• Technical Local Architecture: Implemented LocalBusiness and MedicalClinic Schema.org JSON-LD structured data with precise geo-coordinates, entity relationships, and service menus.
• Proactive GBP Growth: Engineered weekly post strategies, review generation workflows, and category optimizations to defend local share against aggressive competitors.

As an SEO Executive managing high-tempo agency accounts, I know how to deliver clear, conversion-focused reporting in GA4 and Looker Studio that clients understand and appreciate.

Portfolio: https://gazifahimhasan.com
Contact: gazifahimhasan1@gmail.com | +880 1857571304

I welcome the opportunity to discuss how I can elevate your local search portfolio.

Best regards,
Gazi Fahim Hasan","Highlight client niche (dental, legal, roofing) and specific local review/citation challenges."
Technical SEO & SaaS / E-Commerce Pitch,Technical SEO Analyst / Specialist,"For B2B SaaS, e-commerce, or marketplace roles (e.g. Jetfuel Agency, Powered by Search, Eneba)",Application: Technical SEO Specialist — Gazi Fahim Hasan (B.Sc. CSE),"Dear Hiring Team,

I am reaching out regarding the Technical SEO Specialist opening. As a Computer Science & Engineering graduate and practicing SEO Executive at Scaleup Ads Agency, I bring an algorithmic, code-level approach to organic search growth.

Proven Technical Achievements:
• Core Web Vitals & JS SEO: Architected technical performance overhaul for a SaaS platform, elevating Google Lighthouse score from 64 to 98/100 and generating +210% demo signups.
• Large-Scale E-Commerce Growth: Delivered a +340% organic traffic explosion and moved 142 high-competition keywords into Google Top 3 by restructuring product taxonomy and eliminating 1,200+ canonical errors.
• Rich Snippets & Schema: Deployed robust JSON-LD architectures (Product, Organization, FAQ, Article, Breadcrumbs) to capture enhanced SERP real estate and lift commercial CTR.
• Algorithmic Foundation: Deep structural understanding of search engine crawling bots, JavaScript rendering (React / Next.js), server status codes, and indexation hygiene.

I combine deep technical troubleshooting in Screaming Frog and GSC with commercial keyword intent mapping in Ahrefs and SEMrush.

Portfolio & Case Studies: https://gazifahimhasan.com
GitHub: https://github.com/hasangazifahim
Contact: gazifahimhasan1@gmail.com | +880 1857571304

I look forward to discussing how my technical background can accelerate your organic pipeline.

Sincerely,
Gazi Fahim Hasan","Mention CMS/Stack (Shopify, WordPress, Next.js, Headless) and organic revenue impact."
Direct LinkedIn / Cold Email Outreach Pitch,Any Remote SEO Role,"For reaching out to Agency Founders, SEO Directors, or Recruiters on LinkedIn / Email (100 words)",SEO Specialist with B.Sc. CSE & +340% Traffic Track Record,"Hi [Name],

I saw you're expanding your SEO team at [Company Name] and wanted to connect. 

I'm an SEO Executive with a B.Sc. in Computer Science & Engineering. I specialize in merging deep technical crawl architecture (Core Web Vitals, JS SEO, Schema) with conversion-driven Local & On-Page SEO:

• Scaled e-commerce client organic traffic by +340% with 140+ keywords in Google Top 3
• Ranked 8 healthcare locations #1 in Google Map Pack (+185% calls lift)
• Resolved 1,200+ crawl errors & boosted SaaS Lighthouse score to 98/100

Are you open to a brief chat this week to see if my background fits your current search targets?

Portfolio: https://gazifahimhasan.com
Best,
Gazi Fahim Hasan",Insert recipient name and company name. Keep concise for quick reading on mobile.
