Company Name,Target Role,Location / Hours,Comp Range / Rate,Application Link / Website,Core Focus & Tech Stack,Why You Match (Portfolio Evidence),Status,Date Added,Strategy & Action Notes
Daniyal Technologies,SEO Analyst (Remote),Remote / Delaware (Standard EST Hours),"$600 - $2,500 / month",https://career.daniyaltechnologies.com/o/seo-analyst,"Local SEO, Google Business Profile (GBP), JavaScript/Next.js SEO, Schema Markup, GA4 & GSC","Direct match for Healthcare Map Pack case study (#1 in 8 regions, +185% calls) and B.Sc CSE foundation for JS rendering.",Ready to Apply,2026-09-24,Apply via custom pitch in Tab 2 highlighting code-level understanding of Next.js and GBP multi-location execution.
Mediboost,Remote SEO Specialist,Remote / Global Agency,"$1,500 - $2,500 / month (est.)",https://www.mediboost.com.au/,"Local SEO, Healthcare/Medical Clinics, GBP Listings, Localized Landing Pages, On-Page SEO",100% thematic fit for your healthcare multi-location SEO case study and citation consistency across 60+ directories.,Ready to Apply,2026-09-24,Medical marketing agency specializing in clinics. Pitch your proven healthcare patient-acquisition track record.
Jetfuel Agency,Remote SEO Analyst,Remote / North America Agency,"$1,500 - $3,000 / month",https://jetfuel.agency/,"E-Commerce & DTC SEO, Screaming Frog Audits, Search Console, Ahrefs, High-ROI Search Campaigns","Direct alignment with your Scaleup E-Commerce case study (+340% traffic lift, 142 top-3 keywords, 1,200+ crawl fixes).",Ready to Apply,2026-09-24,Specializes in Shopify and DTC e-commerce. Highlight technical crawl resolution and structured data.
Rocket Clicks,Associate / SEO Specialist,Remote / US Agency,"$1,600 - $2,000 / month",https://www.rocketclicks.com/careers/,"Technical SEO, GSC & GA4 Reporting, Core Web Vitals, Competitive Intelligence",Matches your GA4/Looker Studio dashboarding experience and +340% organic growth track record.,Ready to Apply,2026-09-24,US performance agency with established remote training and transparent client reporting culture.
Silverback Strategies,Remote SEO Analyst,Remote / US (EST Focus),"$2,000 - $3,500 / month",https://silverbackstrategies.com/careers/,"Technical SEO Architecture, AI Search Adaptation, Entity SEO, Cross-Functional Agency Work",Fits your Computer Science background and experience with AI Search / SGE content optimization.,Exploring,2026-09-24,Well-regarded mid-size agency managing high-growth brands. Emphasize team leadership at Scaleup Ads Agency.
Powered by Search,SEO & Organic Growth Strategist,Remote / North America & Global,"$2,500 - $4,500 / month",https://www.poweredbysearch.com/careers/,"B2B SaaS SEO, Product-Led Growth, Technical Crawls, High-Intent Keyword Mapping","Direct alignment with your B2B SaaS case study (98/100 Lighthouse score, +210% signups lift).",Exploring,2026-09-24,Leading B2B SaaS marketing consultancy. Emphasize conversion-focused SEO and pipeline contribution.
HireLATAM / US Agency Retainers,Local SEO & GBP Contractor,Remote / US Timezones,"$1,500 - $2,200 / month",https://hirelatam.com/,"Multi-Location Google Business Profiles, Local Citations, NAP Consistency, Review Management",Matches your 8-location Map Pack domination case study and multi-branch client management.,Exploring,2026-09-24,"US agencies outsourcing client portfolios of home service businesses (plumbing, roofing, legal)."
Eneba,On-Page SEO Specialist,Remote / Global,"$1,800 - $3,000 / month",https://www.eneba.com/jobs,"Large-Scale E-Commerce, Keyword Taxonomy, Search Intent & Entity Mapping",Matches your experience restructuring large catalog taxonomies and resolving canonical duplicates.,Exploring,2026-09-24,Global digital gaming marketplace with massive organic search catalog volume.
REGEX SEO,SEO Analyst / Specialist,Remote / Agency Accounts,"$1,500 - $2,500 / month",https://www.regexseo.com/careers/,"Technical SEO Audits, Schema.org Markup, Link Building, Keyword Clustering","Matches your full-stack SEO execution: on-page, off-page, technical architecture, and team supervision.",Exploring,2026-09-24,Boutique digital agency hiring technical search specialists for ongoing international client work.
